title;author;year;error
Hector Servadac: Travels and Adventures Through the Solar System;Jules Verne;1877;No suitable articles found.
The Underground City;Jules Verne;1877;No suitable articles found.
The Steam House: The Demon of Cawnpore;Jules Verne;1880;No suitable articles found.
Tigers and Traitors: The Steam House, Part II;Jules Verne;1880;No suitable articles found.
The Twentieth Century;Albert Robida;1882;No suitable articles found.
Aleriel, or A Voyage to Other Worlds;W.S. Lach-Szyrma;1883;Plot section not found or empty.
A week in the future : Catherine Helen Spence's 1888 forecast of life in 1988;Catherine Helen Spence;1888;No suitable articles found.
The Earth Turned Upside Down;Jules Verne;1889;No suitable articles found.
News from Nowhere;William Morris;1890;Plot section not found or empty.
Claudius Bombarnac: The Adventures of a Special Correspondent;Jules Verne;1892;No suitable articles found.
The Castle of the Carpathians;Jules Verne;1892;No suitable articles found.
Pictures of the Socialistic Future;Eugen Richter;1893;No suitable articles found.
Omega: The Last Days of the World;Camille Flammarion;1894;Plot section not found or empty.
Olga Romanoff;George Chetwynd Griffith;1894;No suitable articles found.
The Crack of Doom;Robert Cromie;1895;No suitable articles found.
The Great Stone of Sardis;Frank R. Stockton;1898;No suitable articles found.
Erewhon Revisited;Samuel Butler;1901;Plot section not found or empty.
The Master of the World;Jules Verne;1904;No suitable articles found.
Gulliver of Mars;Edwin Lester Arnold;1905;No suitable articles found.
Before Adam;Jack London;1906;Plot section not found or empty.
Red Star: The First Bolshevik Utopia;Alexandr Bogdanov;1908;No suitable articles found.
Prisoner of the Vampires of Mars;Gustave Le Rouge;1908;No suitable articles found.
Doctor Lerne;Maurice Renard;1908;No suitable articles found.
Exploits & Opinions of Dr. Faustroll, Pataphysician;Alfred Jarry;1911;No suitable articles found.
Ralph 124C 41+: A Romance of the Year 2660;Hugo Gernsback;1911;No suitable articles found.
The Hampdenshire Wonder;J.D. Beresford;1911;Plot section not found or empty.
The Nyctalope on Mars;Jean de La Hire;1911;No suitable articles found.
The Vacant World;George Allan England;1914;No suitable articles found.
The Lost Continent;Edgar Rice Burroughs;1916;"""The Lost Continent"" may refer to: 
Lost Continent (1951 film)
Lost Continent (1955 film)
The Lost Continent (1968 film)
Atlantis, the Lost Continent
The Lost Continent: The Story of Atlantis
The Lost Continent: Travels in Small-Town America
Beyond Thirty
Lost Continents
Lost Continent
an area at Islands of Adventure
The Last Continent"
The Warlord of Mars;Edgar Rice Burroughs;1916;No suitable articles found.
The Messiah of the Cylinder;Victor Rousseau Emanuel;1917;No suitable articles found.
Meccania, the Super-State;Owen Gregory;1918;No suitable articles found.
What Not: A Prophetic Comedy;Rose Macaulay;1918;No suitable articles found.
Out of the Silence;Erle Cox;1919;No suitable articles found.
When the World Shook: Being an Account of the Great Adventure of Bastin, Bickley, and Arbuthnot;H. Rider Haggard;1919;No suitable articles found.
The People of the Ruins;Edward Shanks;1920;No suitable articles found.
The Tremendous Event;Maurice Leblanc;1920;No suitable articles found.
Theodore Savage;Cicely Hamilton;1922;No suitable articles found.
Fabryka Absolutu;Karel Čapek;1922;No suitable articles found.
Krakatit;Karel Čapek;1922;No suitable articles found.
The Clockwork Man;E.V. Odle;1923;No suitable articles found.
The Moon Maid;Edgar Rice Burroughs;1923;Plot section not found or empty.
Nordenholt's Million;J.J. Connington;1923;No suitable articles found.
The Fatal Eggs;Mikhail Bulgakov;1923;No suitable articles found.
The Amphibians - A Romance of 50,000 Years Hence;S. Fowler Wright;1924;No suitable articles found.
The Millennium: A Comedy of the Year 2000;Upton Sinclair;1924;No suitable articles found.
The Moon Men;Edgar Rice Burroughs;1925;No suitable articles found.
Les Navigateurs de l'infini;J.-H. Rosny aîné;1925;No suitable articles found.
Властелин мира;Alexander Belyaev;1926;No suitable articles found.
Человек, который не спит;Alexander Belyaev;1926;No suitable articles found.
Amphibian Man;Alexander Belyaev;1927;No suitable articles found.
The Man With Six Senses;Muriel Jaeger;1927;No suitable articles found.
Bột mì vĩnh cửu;Alexander Belyaev;1928;No suitable articles found.
Deluge;S. Fowler Wright;1928;Plot section not found or empty.
Planet of Peril;Otis Adelbert Kline;1929;No suitable articles found.
The Day the World Ended;Sax Rohmer;1929;No suitable articles found.
Skylark Three;"E.E. ""Doc"" Smith";1930;No suitable articles found.
The Black Star Passes;John W. Campbell Jr.;1930;No suitable articles found.
Murder Madness by Murray Leinster;Murray Leinster;1930;No suitable articles found.
Cat Country: A Satirical Novel of China in the 1930's;Lao She;1932;No suitable articles found.
Last Men in London;Olaf Stapledon;1932;Plot section not found or empty.
Прыжок в ничто;Alexander Belyaev;1933;No suitable articles found.
Skylark of Valeron;"E.E. ""Doc"" Smith";1934;No suitable articles found.
Proud Man;Katharine Burdekin;1934;No suitable articles found.
Lost on Venus;Edgar Rice Burroughs;1935;Plot section not found or empty.
Pirates of Venus;Edgar Rice Burroughs;1935;No suitable articles found.
Stowaway to Mars;John Wyndham;1935;No suitable articles found.
Land under England;Joseph O'Neill;1935;No suitable articles found.
Quinzinzinzili;Régis Messac;1935;Plot section not found or empty.
Звезда КЭЦ;Alexander Belyaev;1936;No suitable articles found.
The Ultimate Weapon;John W. Campbell Jr.;1936;No suitable articles found.
Star Begotten: A Biological Fantasia;H.G. Wells;1937;Plot section not found or empty.
The Legion of Time;Jack Williamson;1938;Plot section not found or empty.
Fortress of Solitude;Kenneth Robeson;1938;No suitable articles found.
Carson of Venus;Edgar Rice Burroughs;1939;Plot section not found or empty.
Nemova říše;J.M. Troska;1939;No suitable articles found.
Neviditelná armáda;J.M. Troska;1939;No suitable articles found.
Rozkazy z éteru;J.M. Troska;1939;No suitable articles found.
One Against The Legion;Jack Williamson;1939;No suitable articles found.
Final Blackout: A Futuristic War Novel;L. Ron Hubbard;1939;No suitable articles found.
Человек, нашедший свое лицо;Alexander Belyaev;1940;No suitable articles found.
Odd John and Sirius;Olaf Stapledon;1940;No suitable articles found.
Ариэль: сборник;Alexander Belyaev;1941;No suitable articles found.
Second Stage Lensmen;"E.E. ""Doc"" Smith";1941;No suitable articles found.
Voyage to Kazohinia;Sándor Szathmári;1941;No suitable articles found.
Escape on Venus;Edgar Rice Burroughs;1942;Plot section not found or empty.
The Adventures of Superman;George Lowther;1942;Plot section not found or empty.
Darkness and the Light;Olaf Stapledon;1942;Plot section not found or empty.
The Beast;A.E. van Vogt;1943;No suitable articles found.
Gather, Darkness!;Fritz Leiber;1943;No suitable articles found.
Future Times Three;René Barjavel;1943;No suitable articles found.
Captain Future #18 Red Sun of Danger;Brett Sterling;1945;No suitable articles found.
Man From Mars;Stanisław Lem;1946;No suitable articles found.
The Weapon Makers;A.E. van Vogt;1947;Plot section not found or empty.
Fury;Henry Kuttner;1947;"""Fury"" may refer to: 
Fury (1994 one-shot)
Fury (2001 series)
Fury (2023 one-shot)
Bryan Fury
Darksiders III
Nick Fury
Nick Fury Jr
LEGO City Undercover
Fury (DC Comics)
Fury (Marvel Comics)
Power Rangers Dino Charge
Ghostforce
The Fury
Fury (1923 film)
Fury (1936 film)
Fury (1947 film)
Fury (1948 film)
The Fury (film)
Fury (2012 film)
Fury (2014 film)
Fury: Original Motion Picture Soundtrack
The Fury (2016 film)
Fury (video game)
The Fury (video game)
Shadowbane
Henry Kuttner
The Fury (Timms novel)
The Fury (Farris novel)
Fury (Rushdie novel)
Fury (Star Wars novel)
Fury Records
Fury (Australian band)
Fury (American band)
Fury UK
Billy Fury
Rachel Fury
Fury (DJ)
Fury (Sick Puppies album)
Fury (Stefano Lentini album)
Fury (Upon a Burning Body album)
The Fury (album)
""Fury"" (song)
Absolution
Black Utopia
Fury (American TV series)
Fury (Russian TV series)
""Fury"" (Star Trek: Voyager)
""The Fury"" (The Amazing World of Gumball)
Fury (surname)
Fury Island (Ottawa)
Hecla and Fury Islands
Bárbara Channel
Mount Fury
Kemblawarra Fury FC
Northern Fury FC
Western Fury
Fury Stakes
Ontario Fury
Ottawa Fury (2005–13)
Ottawa Fury FC
Prince George Fury
Whitby Fury
Winnipeg Fury
Columbus Fury
Corpus Christi Fury
Detroit Fury
Fort Wayne Fury
Long Island Fury
Miami Fury
Muskegon Fury
Philadelphia Fury (2011–2019)
Philadelphia Fury (1978–1980)
Rockford Fury
Monterrey Fury
HMS Fury
USS Fury
Hawker Fury
Hawker Sea Fury
North American FJ-1 Fury
North American FJ-2/-3 Fury
North American FJ-4 Fury
Felixstowe Fury
LoPresti Fury
BSA Fury
Honda Fury
Plymouth Fury
Royal Enfield Fury
Sylva Fury
LMS 6399 Fury
Fury (roller coaster)
Fury 325
Fellowship of United Reformed Youth
Furies
Rage (emotion)
.277 Fury
All pages with titles beginning with Fury
All pages with titles containing Fury
Furia (disambiguation)
Furie (disambiguation)
Furies (disambiguation)
Furio (disambiguation)
Furiosa (disambiguation)
Furioso (disambiguation)
Furious (disambiguation)
Furry (disambiguation)
Furey
Fury3
The Furys (disambiguation)"
Greener Than You Think;Ward Moore;1947;No suitable articles found.
The Pawns of Null-A;A.E. van Vogt;1948;Plot section not found or empty.
Dreadful Sancturary;Eric Frank Russell;1948;No suitable articles found.
Le Diable l'emporte;René Barjavel;1948;Plot section not found or empty.
The Paradox Men;Charles L. Harness;1949;Plot section not found or empty.
The Star Kings;Edmond Hamilton;1949;No suitable articles found.
Heliopolis;Ernst Jünger;1949;Plot section not found or empty.
Four-Sided Triangle;William F. Temple;1949;No suitable articles found.
Prelude to Space;Arthur C. Clarke;1950;No suitable articles found.
First Lensman;"E.E. ""Doc"" Smith";1950;No suitable articles found.
The City at World's End;Edmond Hamilton;1950;No suitable articles found.
The Moon is Hell!;John W. Campbell Jr.;1950;No suitable articles found.
Schwarze Spiegel;Arno Schmidt;1951;No suitable articles found.
Gray Lensman;"E.E. ""Doc"" Smith";1951;No suitable articles found.
Miss Pickerell Goes to Mars;Ellen MacGregor;1951;No suitable articles found.
Wine of the Dreamers;John D. MacDonald;1951;Plot section not found or empty.
Star Man's Son, 2250 A.D;Andre Norton;1952;No suitable articles found.
Limbo;Bernard Wolfe;1952;No suitable articles found.
Uller Uprising;H. Beam Piper;1952;No suitable articles found.
Gold and Iron;Jack Vance;1952;No suitable articles found.
The Space Ship Under the Apple Tree;Louis Slobodkin;1952;Plot section not found or empty.
Vault of the Ages;Poul Anderson;1952;No suitable articles found.
Space Cat;Ruthven Todd;1952;No suitable articles found.
Space Cat Meets Mars;Ruthven Todd;1952;No suitable articles found.
The Devil's Advocate;Taylor Caldwell;1952;No suitable articles found.
Miss Pickerell and the Geiger Counter;Ellen MacGregor;1953;No suitable articles found.
Costigan's Needle;Jerry Sohl;1953;No suitable articles found.
The Mysterious Planet;Lester del Rey;1953;No suitable articles found.
Freddy and the Space Ship;Walter Rollin Brooks;1953;No suitable articles found.
Tom Swift and His Flying Lab;Victor Appleton II;1954;Plot section not found or empty.
Freddy and the Men from Mars;Walter Rollin Brooks;1954;No suitable articles found.
PREFERRED RISK;Edson McCann;1955;No suitable articles found.
Three to Conquer;Eric Frank Russell;1955;No suitable articles found.
Earthman, Come Home;James Blish;1955;No suitable articles found.
The Long Way Home;Poul Anderson;1955;No suitable articles found.
Space Cat Visits Venus;Ruthven Todd;1955;No suitable articles found.
UNDER PRESSURE;Frank Herbert;1956;No suitable articles found.
Planet of No Return;Harry Harrison;1956;No suitable articles found.
Star Girl;Henry Winterfeld;1956;No suitable articles found.
They Shall Have Stars;James Blish;1956;No suitable articles found.
Islands of Space;John W. Campbell Jr.;1956;No suitable articles found.
The Peregrine;Poul Anderson;1956;No suitable articles found.
Doomsday Morning;C.L. Moore;1957;No suitable articles found.
Slave Ship;Frederik Pohl;1957;Plot section not found or empty.
Andromeda Nebula;Ivan Efremov;1957;"""Andromeda nebula"" may refer to: 
Andromeda Galaxy
Andromeda (novel)
The Andromeda Nebula"
Туманность Андромеды;Ivan Efremov;1957;No suitable articles found.
Master of Life and Death;Robert Silverberg;1957;No suitable articles found.
The Triumph of Time;James Blish;1958;No suitable articles found.
Day of the Giants;Lester del Rey;1958;No suitable articles found.
The Rings of Saturn;Paul French;1958;No suitable articles found.
The Enemy Stars;Poul Anderson;1958;No suitable articles found.
The Man Who Counts;Poul Anderson;1958;No suitable articles found.
This Crowded Earth;Robert Bloch;1958;No suitable articles found.
Invaders from Earth;Robert Silverberg;1958;No suitable articles found.
Stepsons of Terra;Robert Silverberg;1958;No suitable articles found.
To Marry Medusa;Theodore Sturgeon;1958;No suitable articles found.
Star Surgeon;Alan E. Nourse;1959;No suitable articles found.
Secret of the Lost Race;Andre Norton;1959;No suitable articles found.
The Galaxy Primes;"E.E. ""Doc"" Smith";1959;No suitable articles found.
Seed of Light;Edmund Cooper;1959;No suitable articles found.
Three to Dorsai!;Gordon R. Dickson;1959;No suitable articles found.
Virgin Planet;Poul Anderson;1959;No suitable articles found.
Masters of the Vortex;"E.E. ""Doc"" Smith";1960;No suitable articles found.
Deathworld 1;Harry Harrison;1960;No suitable articles found.
Star Hunter;Andre Norton;1961;No suitable articles found.
Lord of Thunder;Andre Norton;1962;No suitable articles found.
They Walked Like Men;Clifford D. Simak;1962;No suitable articles found.
A Life for the Stars;James Blish;1962;No suitable articles found.
Hospital Station;James White;1962;Plot section not found or empty.
The Cosmic Computer;H. Beam Piper;1963;No suitable articles found.
Deathworld 2;Harry Harrison;1963;No suitable articles found.
Simulacron Three;Daniel F. Galouye;1964;No suitable articles found.
Doctor Who and the Daleks;David Whitaker;1964;Plot section not found or empty.
Fuzzy Sapiens;H. Beam Piper;1964;No suitable articles found.
The Drought;J.G. Ballard;1964;No suitable articles found.
The Star King;Jack Vance;1964;No suitable articles found.
Doctor Mirabilis;James Blish;1964;Plot section not found or empty.
The Forgotten Door;Alexander Key;1965;No suitable articles found.
Monday Begins on Saturday;Arkady Strugatsky;1965;Plot section not found or empty.
Skylark Duquesne;"E.E. ""Doc"" Smith";1965;No suitable articles found.
The World of Ptavvs;Larry Niven;1965;No suitable articles found.
Dr. Bloodmoney;Philip K. Dick;1965;No suitable articles found.
The Corridors of Time;Poul Anderson;1965;Plot section not found or empty.
Moon of Three Rings;Andre Norton;1966;No suitable articles found.
Powers That Be;Anne McCaffrey;1966;No suitable articles found.
The Snail on the Slope;Arkady Strugatsky;1966;No suitable articles found.
Ensign Flandry;Poul Anderson;1966;No suitable articles found.
Mindswap;Robert Sheckley;1966;No suitable articles found.
Cryptozoic;Brian W. Aldiss;1967;No suitable articles found.
The Werewolf Principle;Clifford D. Simak;1967;Plot section not found or empty.
The Mind Parasites: The Supernatural Metaphysical Cult Thriller;Colin Wilson;1967;No suitable articles found.
The City of Gold and Lead;John Christopher;1967;No suitable articles found.
The White Mountains;John Christopher;1967;No suitable articles found.
A Private Cosmos;Philip José Farmer;1967;No suitable articles found.
The Day of the Dolphin;Robert Merle;1967;Plot section not found or empty.
Обитаемый остров;Arkady Strugatsky;1968;No suitable articles found.
The Pool of Fire;John Christopher;1968;No suitable articles found.
Bug Jack Barron;Norman Spinrad;1968;No suitable articles found.
Omnivore;Piers Anthony;1968;No suitable articles found.
Damnation Alley;Roger Zelazny;1968;No suitable articles found.
Decision at Doona;Anne McCaffrey;1969;No suitable articles found.
The Philosopher's Stone;Colin Wilson;1969;Plot section not found or empty.
Whipping Star;Frank Herbert;1969;No suitable articles found.
Wolfling;Gordon R. Dickson;1969;No suitable articles found.
The Pnume;Jack Vance;1969;No suitable articles found.
The Ice Schooner;Michael Moorcock;1969;No suitable articles found.
Metropole;Ferenc Karinthy;1970;No suitable articles found.
The Prince in Waiting;John Christopher;1970;No suitable articles found.
Behind the Walls of Terra;Philip José Farmer;1970;No suitable articles found.
The Pastel City;M. John Harrison;1971;No suitable articles found.
The Book of Skulls;Robert Silverberg;1971;No suitable articles found.
The Tar-Aiym Krang;Alan Dean Foster;1972;Plot section not found or empty.
A Choice of Gods;Clifford D. Simak;1972;No suitable articles found.
When H.A.R.L.I.E. Was One: Release 2.0;David Gerrold;1972;No suitable articles found.
An Alien Heat;Michael Moorcock;1972;No suitable articles found.
Forerunner Foray;Andre Norton;1973;No suitable articles found.
Cemetery World;Clifford D. Simak;1973;No suitable articles found.
King David's Spaceship;Jerry Pournelle;1973;No suitable articles found.
Hunters of the Red Moon;Marion Zimmer Bradley;1973;No suitable articles found.
Doc Savage: His Apocalyptic Life;Philip José Farmer;1973;Plot section not found or empty.
The Jargoon Pard;Andre Norton;1974;No suitable articles found.
Definitely Maybe;Arkady Strugatsky;1974;No suitable articles found.
The Inverted World;Christopher Priest;1974;No suitable articles found.
Venus on the Half-Shell;Kilgore Trout;1974;Plot section not found or empty.
Westworld;Michael Crichton;1974;No suitable articles found.
The Hollow Lands;Michael Moorcock;1974;No suitable articles found.
Les hommes protégés;Robert Merle;1974;No suitable articles found.
Inferno;Larry Niven;1975;No suitable articles found.
Somewhere In Time;Richard Matheson;1975;"""Somewhere in Time"" may refer to: 
Bid Time Return
Somewhere in Time (film)
Somewhere in Time (Iron Maiden album)
Donny Osmond
Somewhere in Time (Reckless Kelly album)
Dino Kartsonakis"
Leviathan;Robert Shea;1975;No suitable articles found.
The Golden Apple;Robert Shea;1975;No suitable articles found.
The Stochastic Man;Robert Silverberg;1975;No suitable articles found.
Star Wars: A New Hope;George Lucas;1976;Plot section not found or empty.
Kalki;Gore Vidal;1976;No suitable articles found.
West of Honor;Jerry Pournelle;1976;No suitable articles found.
Mindbridge;Joe Haldeman;1976;No suitable articles found.
Slapstick, or Lonesome No More!;Kurt Vonnegut Jr.;1976;No suitable articles found.
Trouble on Triton: An Ambiguous Heterotopia;Samuel R. Delany;1976;No suitable articles found.
A Heritage of Stars;Clifford D. Simak;1977;No suitable articles found.
Time Storm;Gordon R. Dickson;1977;No suitable articles found.
Dissipatio H.G.;Guido Morselli;1977;No suitable articles found.
The City on the Edge of Forever: The Original Teleplay;Harlan Ellison;1977;No suitable articles found.
Inherit the Stars;James P. Hogan;1977;No suitable articles found.
Cluster;Piers Anthony;1977;No suitable articles found.
Colony;Ben Bova;1978;No suitable articles found.
Kesrith;C.J. Cherryh;1978;No suitable articles found.
Shon'jir;C.J. Cherryh;1978;No suitable articles found.
Battlestar Galactica;Glen A. Larson;1978;Plot section not found or empty.
The Gentle Giants of Ganymede;James P. Hogan;1978;No suitable articles found.
Survivor;Octavia E. Butler;1978;No suitable articles found.
Treason;Orson Scott Card;1978;No suitable articles found.
Chaining the Lady;Piers Anthony;1978;No suitable articles found.
The Notebooks of Lazarus Long;Robert A. Heinlein;1978;Plot section not found or empty.
Alien;Alan Dean Foster;1979;No suitable articles found.
Nor Crystal Tears;Alan Dean Foster;1979;No suitable articles found.
The Black Hole;Alan Dean Foster;1979;No suitable articles found.
Han Solo at Stars' End;Brian Daley;1979;No suitable articles found.
Han Solo's Revenge;Brian Daley;1979;No suitable articles found.
Kutath;C.J. Cherryh;1979;No suitable articles found.
Re: Colonised Planet 5, Shikasta;Doris Lessing;1979;No suitable articles found.
Jem;Frederik Pohl;1979;No suitable articles found.
The Spirit of Dorsai;Gordon R. Dickson;1979;Plot section not found or empty.
The Return of Nathan Brazil;Jack L. Chalker;1979;No suitable articles found.
Morlock Night;K.W. Jeter;1979;Plot section not found or empty.
Schrödinger's Cat 1: The Universe Next Door;Robert Anton Wilson;1979;No suitable articles found.
Stardance;Spider Robinson;1979;Plot section not found or empty.
The Pride of Chanur;C.J. Cherryh;1981;No suitable articles found.
The Many-Coloured Land;Julian May;1981;No suitable articles found.
The Silver Metal Lover;Tanith Lee;1981;No suitable articles found.
Crystal Singer;Anne McCaffrey;1982;Plot section not found or empty.
Dragon's Blood;Jane Yolen;1982;No suitable articles found.
The Golden Torc;Julian May;1982;No suitable articles found.
E.T. the Extra-Terrestrial in His Adventure on Earth;William Kotzwinkle;1982;No suitable articles found.
The Coelura;Anne McCaffrey;1983;No suitable articles found.
The Alliance;Gerald N. Lund;1983;No suitable articles found.
Star Wars: Return of the Jedi;James Kahn;1983;No suitable articles found.
Millennium;John Varley;1983;Plot section not found or empty.
The Nonborn King;Julian May;1983;No suitable articles found.
The Gods of Riverworld;Philip José Farmer;1983;No suitable articles found.
Chanur's Venture;C.J. Cherryh;1984;No suitable articles found.
The Adversary;Julian May;1984;No suitable articles found.
The Wild Shore;Kim Stanley Robinson;1984;No suitable articles found.
Lies, Inc.;Philip K. Dick;1984;No suitable articles found.
The Kif Strike Back;C.J. Cherryh;1985;No suitable articles found.
Galápagos;Kurt Vonnegut Jr.;1985;No suitable articles found.
Kinderen van Moeder Aarde;Thea Beckman;1985;No suitable articles found.
Aliens;Alan Dean Foster;1986;No suitable articles found.
Songs of Distant Earth;Arthur C. Clarke;1986;No suitable articles found.
Chanur's Homecoming;C.J. Cherryh;1986;No suitable articles found.
Soldier of the Mist;Gene Wolfe;1986;Plot section not found or empty.
Infernal Devices;K.W. Jeter;1986;No suitable articles found.
Miles, Mutants, and Microbes;Lois McMaster Bujold;1986;No suitable articles found.
Shards of Honour;Lois McMaster Bujold;1986;No suitable articles found.
Cradle;Arthur C. Clarke;1987;No suitable articles found.
In Conquest Born;C.S. Friedman;1987;No suitable articles found.
Lincoln's Dreams;Connie Willis;1987;Plot section not found or empty.
Odyssey;Michael P. Kube-McDowell;1987;No suitable articles found.
Dawn;Octavia E. Butler;1987;No suitable articles found.
The Gate to Women's Country;Sheri S. Tepper;1987;No suitable articles found.
The Drawing of the Three;Stephen King;1987;No suitable articles found.
Lightning;Dean Koontz;1988;No suitable articles found.
When the Tripods Came;John Christopher;1988;No suitable articles found.
Adulthood Rites;Octavia E. Butler;1988;No suitable articles found.
Stinger;Robert McCammon;1988;No suitable articles found.
Agent of Change;Sharon Lee;1988;No suitable articles found.
Conflict of Honors;Sharon Lee;1988;No suitable articles found.
The Renegades of Pern;Anne McCaffrey;1989;Plot section not found or empty.
The Lost Years;J.M. Dillard;1989;No suitable articles found.
Imago;Octavia E. Butler;1989;No suitable articles found.
Total Recall;Piers Anthony;1989;"""Total Recall"" may refer to: 
Eidetic memory
Hyperthymesia
Total Recall (1990 film)
novelization by Piers Anthony
Total Recall (video game)
Total Recall (2012 film)
Total Recall 2070
Total Recall (game show)
Crossing Jordan season 5, episode 6
Total Recall
Fanboy & Chum Chum season 1, episode 22
Fired Up season 2, episode 5
Holby City series 7, episode 22
My Three Sons season 3, episode 33
Prisoners of Gravity season 5, episode 10b
Stingers season 7, episode 34
Z.O.E. Dolores, I episode 10
Total Recall (Luni Coleone album)
Total Recall (Negative Approach album)
The Sound
""Total Recall"" (Tom Robinson song)
Planet Stories
the 58th installment in The Destroyer novel series
2001 V. I. Warshawski detective novel by Sara Paretsky
Gordon Bell
Arnold Schwarzenegger
Perfect recall (disambiguation)
Recall (disambiguation)"
Infinity Welcomes Careful Drivers;Rob Grant, Doug Naylor;1989;No suitable articles found.
Het Gulden Vlies van Thule;Thea Beckman;1989;No suitable articles found.
Pegasus in Flight;Anne McCaffrey;1990;Plot section not found or empty.
Phule's Company;Robert Lynn Asprin;1990;No suitable articles found.
Damia;Anne McCaffrey;1991;No suitable articles found.
The Cipher;Kathe Koja;1991;No suitable articles found.
The Waste Lands;Stephen King;1991;No suitable articles found.
Heir to the Empire;Timothy Zahn;1991;No suitable articles found.
Mars;Ben Bova;1992;No suitable articles found.
In Fury Born;David Weber;1992;No suitable articles found.
Red Mars;Kim Stanley Robinson;1992;No suitable articles found.
Dark Force Rising;Timothy Zahn;1992;Plot section not found or empty.
Green Mars;Kim Stanley Robinson;1993;No suitable articles found.
The Last Command;Timothy Zahn;1993;Plot section not found or empty.
Crystal Line;Anne McCaffrey;1994;No suitable articles found.
Lyon's Pride;Anne McCaffrey;1994;Plot section not found or empty.
Foreigner;C.J. Cherryh;1994;"""Foreigner"" may refer to: 
Foreigner (band)
Foreigner (Foreigner album)
Foreigner (Cat Stevens album)
Meet the Woo 2
Foreigner (character)
Foreigner series
Foreigner (Sawyer novel)
The Foreigner (novel)
The Foreigner (1921 film)
Foreigners (film)
The Foreigner (2003 film)
The Foreigner (2017 film)
Foreigner (2025 film)
The Foreigner (play)
Frederick Lonsdale
Foreigners' Street
Alien (law)
Stranger"
Winter Moon;Dean Koontz;1994;No suitable articles found.
In the Balance;Harry Turtledove;1994;No suitable articles found.
Star Wars: The Truce at Bakura;Kathy Tyers;1994;No suitable articles found.
Champions of the Force;Kevin J. Anderson;1994;No suitable articles found.
Dark Apprentice;Kevin J. Anderson;1994;No suitable articles found.
Jedi Search;Kevin J. Anderson;1994;No suitable articles found.
Star Wars: The Crystal Star;Vonda N. McIntyre;1994;No suitable articles found.
Freedom's Landing;Anne McCaffrey;1995;No suitable articles found.
Star Wars: Children of the Jedi;Barbara Hambly;1995;No suitable articles found.
Brightness Reef;David Brin;1995;No suitable articles found.
Star Wars: Darksaber;Kevin J. Anderson;1995;No suitable articles found.
City of Bones;Martha Wells;1995;"""City of Bones"" may refer to: 
City of Bones (Connelly novel)
City of Bones (Clare novel)
The Mortal Instruments: City of Bones
Martha Wells"
Born of the Night;Sherrilyn Kenyon;1995;No suitable articles found.
Infinity's Shore;David Brin;1996;No suitable articles found.
The Encounter;K.A. Applegate;1996;No suitable articles found.
The Invasion;K.A. Applegate;1996;No suitable articles found.
The Message;K.A. Applegate;1996;"""The Message"" may refer to: 
A. V. Bramble
The Message (1976 film)
The Message (2009 film)
The Message (2025 film)
The Message (Bible)
The Message (novel)
""The Message"" (short story)
The Message (Coates book)
Andrew J. McKiernan
The Message (Sirius XM)
The Message (Andrea Begley album)
The Message (Chi Coltrane album)
The Message (Grandmaster Flash and the Furious Five album)
The Message (Illinois Jacquet album)
Breed 77
4Him
Gerry Weil
J. R. Monterose
The Message"" (Cymande song)
""The Message"" (Grandmaster Flash and the Furious Five song)
Three Flew Over the Cuckoo's Nest
Budd Johnson and the Four Brass Giants
2001
Maya
It Was Written
Onefour
Magic Never Dies
Sofia Shinas
The Message (Philippine TV program)
""The Message"" (Firefly)
""The Message"" (The Outer Limits)
""The Message"" (Prison Break)
Animorphs
list of Steven Universe episodes
The Message (podcast)
The Message Trust
political party in Libya
Eddie Griffin
Branhamism
Get the Message (disambiguation)
Message (disambiguation)"
The Predator;K.A. Applegate;1996;No suitable articles found.
The Visitor;K.A. Applegate;1996;No suitable articles found.
Blue Mars;Kim Stanley Robinson;1996;No suitable articles found.
Star Wars: The New Rebellion;Kristine Kathryn Rusch;1996;No suitable articles found.
Cordelia's Honor;Lois McMaster Bujold;1996;No suitable articles found.
Contest;Matthew Reilly;1996;Plot section not found or empty.
Rogue Squadron;Michael A. Stackpole;1996;No suitable articles found.
The Krytos Trap;Michael A. Stackpole;1996;No suitable articles found.
Wedge's Gamble;Michael A. Stackpole;1996;No suitable articles found.
Shadows of the Empire;Steve Perry;1996;No suitable articles found.
Star Wars: The Hutt Gambit;A.C. Crispin;1997;No suitable articles found.
Star Wars: The Paradise Snare;A.C. Crispin;1997;No suitable articles found.
Freedom's Choice;Anne McCaffrey;1997;No suitable articles found.
The Alien;K.A. Applegate;1997;No suitable articles found.
The Capture;K.A. Applegate;1997;No suitable articles found.
The Stranger;K.A. Applegate;1997;No suitable articles found.
The Bacta War;Michael A. Stackpole;1997;No suitable articles found.
Wizard and Glass;Stephen King;1997;No suitable articles found.
Specter of the Past;Timothy Zahn;1997;No suitable articles found.
Vision of the Future;Timothy Zahn;1997;No suitable articles found.
Freedom's Challenge;Anne McCaffrey;1998;No suitable articles found.
Heaven's Reach;David Brin;1998;No suitable articles found.
In Enemy Hands;David Weber;1998;No suitable articles found.
Star Wars: I, Jedi;Michael A. Stackpole;1998;No suitable articles found.
River of Blue Fire;Tad Williams;1998;No suitable articles found.
House Atreides;Brian Herbert;1999;No suitable articles found.
Ender's Shadow;Orson Scott Card;1999;No suitable articles found.
Starfish;Peter Watts;1999;No suitable articles found.
Vector Prime;R.A. Salvatore;1999;No suitable articles found.
Mountain of Black Glass;Tad Williams;1999;Plot section not found or empty.
House Harkonnen;Brian Herbert;2000;No suitable articles found.
House Corrino;Brian Herbert;2001;No suitable articles found.
Noughts & Crosses;Malorie Blackman;2001;No suitable articles found.
The Butlerian Jihad;Brian Herbert;2002;No suitable articles found.
Flag in Exile;David Weber;2002;No suitable articles found.
The Arctic Incident;Eoin Colfer;2002;No suitable articles found.
Jennifer Government;Max Barry;2002;No suitable articles found.
The Machine Crusade;Brian Herbert;2003;No suitable articles found.
Trading in Danger;Elizabeth Moon;2003;No suitable articles found.
The Eternity Code;Eoin Colfer;2003;No suitable articles found.
Knife Edge;Malorie Blackman;2003;No suitable articles found.
Wolves of the Calla;Stephen King;2003;No suitable articles found.
Black: The Birth of Evil;Ted Dekker;2003;No suitable articles found.
The Battle of Corrin;Brian Herbert;2004;No suitable articles found.
The Atrocity Archives;Charles Stross;2004;No suitable articles found.
Day by Day Armageddon;J.L. Bourne;2004;No suitable articles found.
Agent to the Stars;John Scalzi;2004;No suitable articles found.
Pandora's Star;Peter F. Hamilton;2004;No suitable articles found.
Song of Susannah;Stephen King;2004;No suitable articles found.
Dean Koontz's Frankenstein, Book Two: City of Night;Dean Koontz;2005;No suitable articles found.
Wired;Douglas E. Richards;2005;"""Wired"" may refer to: 
Wired (Jeff Beck album)
Wired (Hugh Cornwell album)
Wired (Mallory Knox album)
Beat Street
eponymous
Apollo
Wired (TV series)
Tim Graham
Wired
Wired
Wired (book)
Wired (film)
Wired (novel)
Wired (magazine)
Wired UK
Wired (rivista italiana)
WTDY-FM
Wired (demoparty)
energy drink
caffeine
Wired communication
Workforce Innovation in Regional Economic Development
Wire (disambiguation)"
The Opal Deception;Eoin Colfer;2005;No suitable articles found.
The Angel Experiment;James Patterson;2005;No suitable articles found.
Checkmate;Malorie Blackman;2005;No suitable articles found.
Star Wars: Revenge of the Sith;Matthew Woodring Stover;2005;Plot section not found or empty.
Shadow of the Giant;Orson Scott Card;2005;No suitable articles found.
Judas Unchained;Peter F. Hamilton;2005;No suitable articles found.
Galaxy in Flames;Ben Counter;2006;No suitable articles found.
The Jennifer Morgue;Charles Stross;2006;No suitable articles found.
Horus Rising;Dan Abnett;2006;No suitable articles found.
Path of Destruction;Drew Karpyshyn;2006;No suitable articles found.
The Lost Colony;Eoin Colfer;2006;No suitable articles found.
False Gods;Graham McNeill;2006;No suitable articles found.
Dauntless;Jack Campbell;2006;No suitable articles found.
School's Out—Forever;James Patterson;2006;No suitable articles found.
The End of Mr. Y;Scarlett Thomas;2006;Plot section not found or empty.
Star Wars: Outbound Flight;Timothy Zahn;2006;No suitable articles found.
Incarceron;Catherine Fisher;2007;Plot section not found or empty.
Rant: An Oral Biography of Buster Casey;Chuck Palahniuk;2007;No suitable articles found.
Rule of Two;Drew Karpyshyn;2007;No suitable articles found.
Courageous;Jack Campbell;2007;No suitable articles found.
Fearless;Jack Campbell;2007;No suitable articles found.
Saving the World and Other Extreme Sports;James Patterson;2007;No suitable articles found.
The Dangerous Days of Daniel X;James Patterson;2007;No suitable articles found.
The Flight of the Eisenstein;James Swallow;2007;No suitable articles found.
Apocalypse Z: The Beginning of the End;Manel Loureiro;2007;No suitable articles found.
The Dreaming Void;Peter F. Hamilton;2007;No suitable articles found.
Grimspace;Ann Aguirre;2008;No suitable articles found.
Valiant;Jack Campbell;2008;No suitable articles found.
The Final Warning;James Patterson;2008;No suitable articles found.
Double Cross;Malorie Blackman;2008;No suitable articles found.
Found;Margaret Peterson Haddix;2008;"""Found"" may refer to: 
Found object
Found (2012 film)
Found (2021 film)
Found (TV series)
""Found"" (NCIS: Los Angeles)
Found (novel)
novel by Margaret Peterson Haddix
Found Magazine
Found (Push Play album)
Found (Seventh Day Slumber album)
album by Rival Schools
Found (band)
""Found"" (song)
Found (horse)
Found (Rossetti)
Found Aircraft
My First Summer
Find (disambiguation)
Foundation (disambiguation)
Founding (disambiguation)"
Gone;Michael Grant;2008;No suitable articles found.
The Temporal Void;Peter F. Hamilton;2008;No suitable articles found.
Numbers;Rachel Ward;2008;No suitable articles found.
Lockdown;Alexander Gordon Smith;2009;No suitable articles found.
Silent Blade;Ilona Gordon, Andrew Gordon;2009;No suitable articles found.
Relentless;Jack Campbell;2009;No suitable articles found.
Max;James Patterson;2009;No suitable articles found.
The Method;Juli Zeh;2009;Plot section not found or empty.
Rubinrot;Kerstin Gier;2009;No suitable articles found.
Sent;Margaret Peterson Haddix;2009;No suitable articles found.
Hunger;Michael Grant;2009;No suitable articles found.
The Evolutionary Void;Peter F. Hamilton;2009;No suitable articles found.
يوتوبيا;أحمد خالد توفيق;2009;No suitable articles found.
Birthmarked;Caragh M. O'Brien;2010;No suitable articles found.
Lies;Michael Grant;2010;No suitable articles found.
Enclave;Ann Aguirre;2011;No suitable articles found.
Across the Universe;Beth Revis;2011;No suitable articles found.
Obsidian;Jennifer L. Armentrout;2011;No suitable articles found.
Plague;Michael Grant;2011;No suitable articles found.
The Prisoner of Cell 25;Richard Paul Evans;2011;No suitable articles found.
A Million Suns;Beth Revis;2012;No suitable articles found.
Pines;Blake Crouch;2012;No suitable articles found.
Partials;Dan Wells;2012;Plot section not found or empty.
Wool Omnibus;Hugh Howey;2012;No suitable articles found.
Onyx;Jennifer L. Armentrout;2012;No suitable articles found.
Opal;Jennifer L. Armentrout;2012;No suitable articles found.
Fear;Michael Grant;2012;No suitable articles found.
UnWholly;Neal Shusterman;2012;No suitable articles found.
Destroy Me;Tahereh Mafi;2012;No suitable articles found.
The Atlantis Gene;A.G. Riddle;2013;No suitable articles found.
Never Fade;Alexandra Bracken;2013;No suitable articles found.
These Broken Stars;Amie Kaufman;2013;No suitable articles found.
Steelheart;Brandon Sanderson;2013;No suitable articles found.
Dust;Hugh Howey;2013;No suitable articles found.
Shift;Hugh Howey;2013;"""Shift"" may refer to: 
Shift (series)
Need for Speed: Shift
Shift 2: Unleashed
Shift (novel)
Shift (novella)
Shift the Ape
Shift (DC Comics)
Shift (Marvel Comics)
Shift (Nasum album)
Shift (The Living End album)
Shift (music)
Shift (string technique)
Shift (magazine)
Shift (MSNBC)
Shift (sculpture)
Shift work
Shift Technologies (online marketplace)
SHIFT (company)
SHIFT Inc.
Language shift
Shifting (syntax)
sound change
Vowel shift
Barrel shifter
Bit shift
Arithmetic shift
Circular shift
Logical shift
Shift key
Shift operator
Shift (ice hockey)
Infield shift
Shift (clothing)
Shift (weapon)
Gear shift
Paradigm shift
Blueshift
Redshift
Shapeshifting
ADM formalism
making out
Tax shift
All pages with titles beginning with Shift
All pages with titles beginning with SHIFT
All pages with titles containing shifts
All pages with titles containing shift
Shifter (disambiguation)
The Shift (disambiguation)"
The Fall of Five;James Frey, Jobie Hughes;2013;No suitable articles found.
Origin;Jennifer L. Armentrout;2013;No suitable articles found.
Just One Damned Thing After Another;Jodi Taylor;2013;No suitable articles found.
The Testing;Joelle Charbonneau;2013;No suitable articles found.
The 100;Kass Morgan;2013;"""The 100"" may refer to: 
100 (DC Comics)
The 100 (film)
The 100 (novel series)
The 100 (TV series)
The Hundred with Andy Lee
The 100: A Ranking of the Most Influential Persons in History
The One Hundred (band)
The Hundreds
The Hundred (cricket)
Centurion
All pages with titles beginning with The Hundred
All pages with titles beginning with The 100
All pages with titles containing The Hundreds
All pages with titles containing The Hundred
All pages with titles containing The 100s
All pages with titles containing The 100
Hundred (disambiguation)
100 (disambiguation)"
Requiem;Lauren Oliver;2013;No suitable articles found.
The Humans;Matt Haig;2013;"""The Humans"" may refer to: 
The Humans (comic)
The Humans (video game)
The Humans (play)
The Humans (film)
The Humans (British band)
The Humans (New York band)
The Humans (Romanian band)
Matt Haig
Humans (American band)
Human (disambiguation)"
The Program;Suzanne Young;2013;No suitable articles found.
Fracture Me;Tahereh Mafi;2013;No suitable articles found.
Unravel Me;Tahereh Mafi;2013;No suitable articles found.
Through the Ever Night;Veronica Rossi;2013;No suitable articles found.
Vicious;Victoria Schwab;2013;No suitable articles found.
In the Afterlight;Alexandra Bracken;2014;No suitable articles found.
The Last Town;Blake Crouch;2014;No suitable articles found.
A Thousand Pieces of You;Claudia Gray;2014;No suitable articles found.
The Revenge of Seven;James Frey, Jobie Hughes;2014;No suitable articles found.
Opposition;Jennifer L. Armentrout;2014;No suitable articles found.
Ignite Me;Tahereh Mafi;2014;No suitable articles found.
Unite Me;Tahereh Mafi;2014;No suitable articles found.
Into the Still Blue;Veronica Rossi;2014;No suitable articles found.
Firefight;Brandon Sanderson;2015;"""Firefight"" may refer to: 
Firefighting
Shootout
Firefight: Modern U.S. and Soviet Small Unit Tactics
Fire Fight
Thomas Easton
Halo 3: ODST
Firefight (album)
The Reckoners
Fire Fight Australia
Firefight (1986 film)
Firefight (2003 film)
Firefighter (disambiguation)"
Bienes historie;Maja Lunde;2015;No suitable articles found.
Fairest;Marissa Meyer;2015;No suitable articles found.
Barbarian Alien;Ruby Dixon;2015;No suitable articles found.
Ice Planet Barbarians;Ruby Dixon;2015;Plot section not found or empty.
Gemina;Amie Kaufman;2016;No suitable articles found.
Calamity;Brandon Sanderson;2016;No suitable articles found.
We Are Legion;Dennis E. Taylor;2016;No suitable articles found.
The One;John Marrs;2016;No suitable articles found.
The Thousandth Floor;Katharine McGee;2016;No suitable articles found.
We Are the Ants;Shaun David Hutchinson;2016;Plot section not found or empty.
Sleeping Giants;Sylvain Neuvel;2016;No suitable articles found.
All These Worlds;Dennis E. Taylor;2017;No suitable articles found.
For We Are Many;Dennis E. Taylor;2017;No suitable articles found.
Waking Gods;Sylvain Neuvel;2017;No suitable articles found.
Obsidio;Amie Kaufman;2018;No suitable articles found.
Vox;Christina Dalcher;2018;No suitable articles found.
An Absolutely Remarkable Thing;Hank Green;2018;Plot section not found or empty.
Archenemies;Marissa Meyer;2018;No suitable articles found.
Artificial Condition;Martha Wells;2018;No suitable articles found.
Exit Strategy;Martha Wells;2018;No suitable articles found.
Rogue Protocol;Martha Wells;2018;No suitable articles found.
Dry;Neal Shusterman;2018;"""Dry"" may refer to: 
Lack of rainfall
Arid
Drought
prohibition
deadpan
Dryness (medical)
Dryness (taste)
reverberation
Dry Brook (disambiguation)
Dry Creek (disambiguation)
Dry, Loiret
Dry River (disambiguation)
Dry (2014 film)
Dry (2022 film)
The Dry (film)
Force of Nature: The Dry 2
The Dry (TV series)
Dry (memoir)
The Dry (novel)
Neal Shusterman
Dry (group)
Dry (album)
Rid of Me
""Dry"" (song)
self-titled album
Yesterday Went Too Soon
Asociación Democracia Real Ya
Plataforma ¡Democracia Real YA!
Wets and dries
Don't repeat yourself
Dry cell
Dry (surname)
Dry (rapper)
All pages with titles beginning with Dry"
Thunderhead;Neal Shusterman;2018;Plot section not found or empty.
Vengeful;V.E. Schwab;2018;No suitable articles found.
Vengeful;Victoria Schwab;2018;No suitable articles found.
Aurora Rising;Amie Kaufman;2019;No suitable articles found.
Supernova;Marissa Meyer;2019;No suitable articles found.
The Toll;Neal Shusterman;2019;Plot section not found or empty.
Wilder Girls;Rory Power;2019;Plot section not found or empty.
Shadow Me;Tahereh Mafi;2019;No suitable articles found.
The Doors of Eden;Adrian Tchaikovsky;2020;No suitable articles found.
Aurora Burning;Amie Kaufman;2020;No suitable articles found.
The Other Side of the Sky;Amie Kaufman;2020;No suitable articles found.
The Last Day;Andrew Hunter Murray;2020;No suitable articles found.
The Bear;Andrew Krivak;2020;No suitable articles found.
The Original;Brandon Sanderson;2020;No suitable articles found.
Migrations;Charlotte McConaghy;2020;No suitable articles found.
Heaven's River;Dennis E. Taylor;2020;No suitable articles found.
The New Wilderness;Diane Cook;2020;No suitable articles found.
A Pivot In Time;Douglas E. Richards;2020;No suitable articles found.
The Enigma Cube;Douglas E. Richards;2020;No suitable articles found.
Crank Palace;James Dashner;2020;No suitable articles found.
The Loop;Jeremy Robert Johnson;2020;No suitable articles found.
Murder by Other Means;John Scalzi;2020;No suitable articles found.
Docile;K.M. Szpara;2020;No suitable articles found.
Bloom;Kenneth Oppel;2020;No suitable articles found.
Edge of Collapse;Kyla Stone;2020;No suitable articles found.
Goldilocks;L.R. Lam;2020;No suitable articles found.
The End of October;Lawrence Wright;2020;No suitable articles found.
The Trials of Koli;M.R. Carey;2020;No suitable articles found.
QualityLand 2.0;Marc-Uwe Kling;2020;No suitable articles found.
Skyhunter;Marie Lu;2020;No suitable articles found.
Ballistic;Marko Kloos;2020;No suitable articles found.
The Relentless Moon;Mary Robinette Kowal;2020;Plot section not found or empty.
Devolution: A Firsthand Account of the Rainier Sasquatch Massacre;Max Brooks;2020;No suitable articles found.
Followers;Megan Angelo;2020;No suitable articles found.
The Saints of Salvation;Peter F. Hamilton;2020;No suitable articles found.
Snowglobe;Soyoung Park;2020;No suitable articles found.
Chaos Rising;Timothy Zahn;2020;No suitable articles found.
The Octunnumi Fosbit Files Prologue;Trevor Alan Foris;2020;No suitable articles found.
Agency;William Gibson;2020;Plot section not found or empty.
One Day All This Will Be Yours;Adrian Tchaikovsky;2021;No suitable articles found.
Shards of Earth;Adrian Tchaikovsky;2021;No suitable articles found.
Inhibitor Phase;Alastair Reynolds;2021;No suitable articles found.
Aurora's End;Amie Kaufman;2021;No suitable articles found.
ReDawn;Brandon Sanderson;2021;No suitable articles found.
Sunreach;Brandon Sanderson;2021;No suitable articles found.
Infinite;Brian Freeman;2021;No suitable articles found.
Several People Are Typing;Calvin Kasulke;2021;No suitable articles found.
Light of the Jedi;Charles Soule;2021;No suitable articles found.
The Apollo Murders;Chris Hadfield;2021;No suitable articles found.
The End of Men;Christina Sweeney-Baird;2021;No suitable articles found.
The Other Emily;Dean Koontz;2021;No suitable articles found.
The Darkness Outside Us;Eliot Schrefer;2021;No suitable articles found.
The Spaceship in the Stone;Igor Nikolic;2021;No suitable articles found.
The Exiled Fleet;J.S. Dewes;2021;No suitable articles found.
The Last Watch;J.S. Dewes;2021;No suitable articles found.
Gutter Child;Jael Richardson;2021;No suitable articles found.
Hummingbird Salamander;Jeff VanderMeer;2021;Plot section not found or empty.
The Ones We're Meant to Find;Joan He;2021;No suitable articles found.
The Fall of Koli;M.R. Carey;2021;No suitable articles found.
Fugitive Telemetry;Martha Wells;2021;No suitable articles found.
Constance;Matthew FitzSimmons;2021;No suitable articles found.
The 22 Murders of Madison May;Max Barry;2021;No suitable articles found.
We Could Be Heroes;Mike Chen;2021;No suitable articles found.
The High Auction;Misba;2021;No suitable articles found.
The Oldest Dance;Misba;2021;No suitable articles found.
The Kingdoms;Natasha Pulley;2021;No suitable articles found.
Remote Control;Nnedi Okorafor;2021;Plot section not found or empty.
Girl One;Sara Flannery Murphy;2021;No suitable articles found.
Persephone Station;Stina Leicht;2021;Plot section not found or empty.
Rabbits;Terry Miles;2021;Plot section not found or empty.
Greater Good;Timothy Zahn;2021;No suitable articles found.
Gearbreakers;Zoe Hana Mikuta;2021;Plot section not found or empty.
Lost in Time;A.G. Riddle;2022;No suitable articles found.
Eyes of the Void;Adrian Tchaikovsky;2022;No suitable articles found.
Eversion;Alastair Reynolds;2022;"""Eversion"" may refer to: 
Eversion (kinesiology)
Eversion (video game)
sea cucumbers
starfish
Sphere eversion
Alastair Reynolds
Everts (disambiguation)
Inversion (disambiguation)
Inside Out (disambiguation)"
Our Missing Hearts;Celeste Ng;2022;Plot section not found or empty.
The Big Dark Sky;Dean Koontz;2022;No suitable articles found.
This Time Tomorrow;Emma Straub;2022;No suitable articles found.
All That's Left in the World;Erik J. Brown;2022;No suitable articles found.
Ocean's Echo;Everina Maxwell;2022;No suitable articles found.
Leech;Hiron Ennes;2022;No suitable articles found.
The Candy House;Jennifer Egan;2022;Plot section not found or empty.
The School for Good Mothers;Jessamine Chan;2022;Plot section not found or empty.
Eclipse the Moon;Jessie Mihalik;2022;No suitable articles found.
Hunt the Stars;Jessie Mihalik;2022;No suitable articles found.
Tell Me an Ending;Jo Harkin;2022;No suitable articles found.
The Light Pirate;Lily Brooks-Dalton;2022;No suitable articles found.
Eleven Percent;Maren Uthaug;2022;No suitable articles found.
Brotherhood;Mike Chen;2022;No suitable articles found.
The Blood Trials;N.E. Davenport;2022;No suitable articles found.
The Measure;Nikki Erlick;2022;No suitable articles found.
The Mountain in the Sea;Ray Nayler;2022;No suitable articles found.
The Paradox Hotel;Rob Hart;2022;No suitable articles found.
Poster Girl;Veronica Roth;2022;No suitable articles found.
Quantum Radio;A.G. Riddle;2023;No suitable articles found.
Lords of Uncreation;Adrian Tchaikovsky;2023;No suitable articles found.
These Burning Stars;Bethany Jacobs;2023;No suitable articles found.
Defiant;Brandon Sanderson;2023;No suitable articles found.
The Frugal Wizard's Handbook for Surviving Medieval England;Brandon Sanderson;2023;No suitable articles found.
Fractal Noise;Christopher Paolini;2023;Plot section not found or empty.
The Road to Roswell;Connie Willis;2023;No suitable articles found.
After Death;Dean Koontz;2023;No suitable articles found.
On Earth as It Is on Television;Emily Jane;2023;No suitable articles found.
The Good, the Bad and the History;Jodi Taylor;2023;No suitable articles found.
The Marriage Act;John Marrs;2023;No suitable articles found.
I'll Stop the World;Lauren Thoman;2023;No suitable articles found.
Infinity Gate;M.R. Carey;2023;No suitable articles found.
The Mimicking of Known Successes;Malka Ann Older;2023;No suitable articles found.
I Keep My Exoskeletons to Myself;Marisa Crane;2023;No suitable articles found.
System Collapse;Martha Wells;2023;No suitable articles found.
The Polymorph;Max Nowaz;2023;No suitable articles found.
The Future;Naomi Alderman;2023;No suitable articles found.
The Scourge Between Stars;Ness Brown;2023;No suitable articles found.
The Worst Ship in the Fleet;Skyler Ramirez;2023;No suitable articles found.
The Deluge;Stephen Markley;2023;No suitable articles found.
Child of Another Kind;Steven Decker;2023;No suitable articles found.
Trials of Conviction;T.A. White;2023;No suitable articles found.
In the Lives of Puppets;T.J. Klune;2023;No suitable articles found.
Artificial Wisdom;Thomas R. Weaver;2023;No suitable articles found.
The Deep Sky;Yume Kitasei;2023;No suitable articles found.
Antarctica Station;A.G. Riddle;2024;No suitable articles found.
Inara;A.R. Merrydew;2024;No suitable articles found.
Not Till We Are Lost;Dennis E. Taylor;2024;No suitable articles found.
Extinction;Douglas Preston;2024;No suitable articles found.
Floating Hotel;Grace Curtis;2024;No suitable articles found.
Livesuit;James S.A. Corey;2024;No suitable articles found.
Red Side Story;Jasper Fforde;2024;No suitable articles found.
Baby X;Kira Peikoff;2024;No suitable articles found.
Beautyland;Marie-Helene Bertino;2024;Plot section not found or empty.
The Tusks of Extinction;Ray Nayler;2024;No suitable articles found.
Ghost Station;S.A. Barnes;2024;No suitable articles found.
Annie Bot;Sierra Greer;2024;No suitable articles found.
The Last Murder at the End of the World;Stuart Turton;2024;No suitable articles found.
The Stardust Grail;Yume Kitasei;2024;Plot section not found or empty.
